{
  "0.1": [
    0.00015200466780074929,
    8.057172823713768e-05
  ],
  "0.2": [
    0.002089748463533822,
    0.00043059543074136985
  ],
  "0.6": [
    0.09857477596014305,
    0.006933238519737383
  ],
  "0.8": [
    0.38328958707064553,
    0.038905014329487064
  ],
  "0.30000000000000004": [
    0.008346946427116584,
    0.000822845351332309
  ],
  "0.9": [
    0.9857568883902788,
    0.1492974564892326
  ],
  "0.7000000000000001": [
    0.18670203106070388,
    0.012304274761184187
  ],
  "0.4": [
    0.022464809348269953,
    0.0016581696619213976
  ],
  "0.5": [
    0.050346046490588395,
    0.003329836102039518
  ]
}