{
  "0.1": [
    0.0003414084281009491,
    0.0003754494194758876
  ],
  "0.2": [
    0.00411104161007602,
    0.0012620241546482398
  ],
  "0.6": [
    0.3168700860686574,
    0.044515794432277975
  ],
  "0.8": [
    1.3466129640477285,
    0.3458934645751095
  ],
  "0.30000000000000004": [
    0.020269381705591415,
    0.005580201041127802
  ],
  "0.9": [
    4.096340363434282,
    1.3970507247282062
  ],
  "0.7000000000000001": [
    0.6664509387267569,
    0.15332974601615887
  ],
  "0.4": [
    0.060451127268348025,
    0.007237774504569542
  ],
  "0.5": [
    0.14257969836849288,
    0.026632374426147378
  ]
}