{
  "0.9": [
    8.91877242315372,
    2.079786461777414
  ],
  "0.91": [
    9.511796218753434,
    1.9223536398191348
  ],
  "0.9800000000000001": [
    50.37537066361515,
    44.115889123087975
  ],
  "0.92": [
    11.345125837213079,
    2.6278495332942695
  ],
  "0.9600000000000001": [
    22.159987389511386,
    6.683548860519668
  ],
  "0.93": [
    12.97506634949504,
    2.787505646548167
  ],
  "0.9700000000000001": [
    30.5992362386925,
    13.432407706953152
  ],
  "0.9900000000000001": [
    76.23558225466577,
    51.460644314349445
  ],
  "0.9500000000000001": [
    18.826090655104245,
    6.17732712160905
  ],
  "0.9400000000000001": [
    14.56782616442582,
    4.994401201302683
  ]
}