{
  "0.9": [
    16.514303839811554,
    3.93616521390635
  ],
  "0.91": [
    19.833714175969508,
    5.154176272502247
  ],
  "0.9800000000000001": [
    92.68253716868315,
    69.04639545126813
  ],
  "0.92": [
    22.727951439965945,
    7.798772922126888
  ],
  "0.9600000000000001": [
    46.0057391861705,
    26.06456359724223
  ],
  "0.93": [
    25.666890046133165,
    8.877143081866775
  ],
  "0.9700000000000001": [
    71.30889166220041,
    58.457694092955784
  ],
  "0.9900000000000001": [
    223.62677137491053,
    200.62857625288993
  ],
  "0.9500000000000001": [
    38.09387404528787,
    19.616366136472145
  ],
  "0.9400000000000001": [
    33.049799955924705,
    13.928692811622408
  ]
}