{
  "0.1": [
    0.11195592165577242,
    0.006426114881342028
  ],
  "0.2": [
    0.24976295162147774,
    0.012781641808688446
  ],
  "0.6": [
    1.4930056219189458,
    0.08879891388751741
  ],
  "0.8": [
    3.989373985118791,
    0.5121098251782049
  ],
  "0.30000000000000004": [
    0.4318984081742599,
    0.01761307796554217
  ],
  "0.9": [
    8.901141517744234,
    1.8990496751831232
  ],
  "0.7000000000000001": [
    2.369633198625978,
    0.1773283852006565
  ],
  "0.4": [
    0.6579376269284964,
    0.027521116807715795
  ],
  "0.5": [
    0.9910522448759079,
    0.059642459645643735
  ]
}