{
  "0.1": [
    0.05581661701881387,
    0.0021858446167913304
  ],
  "0.2": [
    0.12381681580978166,
    0.0033563910937898477
  ],
  "0.6": [
    0.7524539046496163,
    0.03621429558079759
  ],
  "0.8": [
    2.00321860504095,
    0.13270638055439604
  ],
  "0.30000000000000004": [
    0.21356618596318241,
    0.006877782007874832
  ],
  "0.9": [
    4.371609972557402,
    0.5618263767302071
  ],
  "0.7000000000000001": [
    1.1720008795126278,
    0.06446250292990939
  ],
  "0.4": [
    0.33245343937059746,
    0.009891982192057494
  ],
  "0.5": [
    0.5018518096633975,
    0.018818380151726835
  ]
}