{
  "0.9": [
    9.003417514471334,
    0.7778978990034362
  ],
  "0.91": [
    9.737784956682043,
    0.9473887060213811
  ],
  "0.9800000000000001": [
    51.9357377529866,
    21.93096194503965
  ],
  "0.92": [
    11.353501842297833,
    1.2356740124152608
  ],
  "0.9600000000000001": [
    25.471613556287544,
    5.751600157105664
  ],
  "0.93": [
    13.550723685506691,
    1.9004483603179496
  ],
  "0.9700000000000001": [
    30.680423758085684,
    7.2761020355024755
  ],
  "0.9900000000000001": [
    83.63849040745085,
    38.640434358483624
  ],
  "0.9500000000000001": [
    18.975880054370656,
    3.608678652083526
  ],
  "0.9400000000000001": [
    15.889928448662106,
    2.2817582680099546
  ]
}