{
  "0.1": [
    0.2169297638700119,
    0.019140128767306308
  ],
  "0.2": [
    0.4926379192176181,
    0.041001218374880216
  ],
  "0.6": [
    2.8996304855658157,
    0.21768388143344916
  ],
  "0.8": [
    8.033527039061223,
    1.255819617629812
  ],
  "0.30000000000000004": [
    0.8473893700673871,
    0.056712943287061356
  ],
  "0.9": [
    16.991070075478603,
    4.393295773592514
  ],
  "0.7000000000000001": [
    4.631494195394286,
    0.46705329448775157
  ],
  "0.4": [
    1.320300781472618,
    0.0972030281657584
  ],
  "0.5": [
    2.008844123160724,
    0.15488181103907575
  ]
}