{
  "0.1": [
    0.11018059155200452,
    0.006357936579300466
  ],
  "0.2": [
    0.25055570088105733,
    0.013184210744760347
  ],
  "0.6": [
    1.5369890496989687,
    0.10550568976590548
  ],
  "0.8": [
    3.9839398182065837,
    0.40312796790178534
  ],
  "0.30000000000000004": [
    0.42934477671519916,
    0.018082352174790293
  ],
  "0.9": [
    8.940369382342132,
    1.9833810756515386
  ],
  "0.7000000000000001": [
    2.308509986591668,
    0.14608882885332017
  ],
  "0.4": [
    0.6626779859001941,
    0.03644633238022153
  ],
  "0.5": [
    1.015184321509721,
    0.051796753354570804
  ]
}