{
  "0.1": [
    0.10606284864618486,
    0.005267692833710676
  ],
  "0.2": [
    0.22474562855556993,
    0.008687674249739744
  ],
  "0.6": [
    0.9618816847586639,
    0.04529379034045031
  ],
  "0.8": [
    1.8747392836403665,
    0.12629269625933048
  ],
  "0.30000000000000004": [
    0.36133315127639243,
    0.014503863255308336
  ],
  "0.9": [
    3.191985759133071,
    0.4425465843068678
  ],
  "0.7000000000000001": [
    1.2997970662973877,
    0.06572440922523913
  ],
  "0.4": [
    0.5209350294475549,
    0.020921646170513317
  ],
  "0.5": [
    0.713464626816578,
    0.026521948301596415
  ]
}