{
  "0.9": [
    4.281071816194517,
    1.0053174257964759
  ],
  "0.91": [
    5.199863733531314,
    1.287814436665848
  ],
  "0.9800000000000001": [
    26.345306631263956,
    18.82002825787706
  ],
  "0.92": [
    5.249642756675596,
    1.3380101654714984
  ],
  "0.9600000000000001": [
    12.46769049392426,
    5.817194113841975
  ],
  "0.93": [
    6.043906493712739,
    1.427172892497274
  ],
  "0.9700000000000001": [
    15.768377772949364,
    6.257326123881305
  ],
  "0.9900000000000001": [
    63.7890321611993,
    56.98334529200445
  ],
  "0.9500000000000001": [
    9.583801796260138,
    3.1901481487447216
  ],
  "0.9400000000000001": [
    6.520791356336088,
    1.8957903022730127
  ]
}