{
  "0.1": [
    0.010120832427900706,
    0.0013209160217128831
  ],
  "0.2": [
    0.04062142750521028,
    0.0031930129577061087
  ],
  "0.6": [
    0.5584642022161265,
    0.04352783426893469
  ],
  "0.8": [
    1.7678094364230004,
    0.19234220983919514
  ],
  "0.30000000000000004": [
    0.09956177782130023,
    0.006294603488799623
  ],
  "0.9": [
    4.147230211613539,
    0.7161664954723108
  ],
  "0.7000000000000001": [
    0.9827864114990642,
    0.10081816137061508
  ],
  "0.4": [
    0.189402871800479,
    0.013445716503897271
  ],
  "0.5": [
    0.32849872706702044,
    0.02309567313166139
  ]
}