{
  "0.1": [
    0.0002572527226685198,
    0.0001881915566022732
  ],
  "0.2": [
    0.0030808277398483015,
    0.0007251621198546724
  ],
  "0.6": [
    0.1786696627389873,
    0.016849911338692215
  ],
  "0.8": [
    0.7553228952049316,
    0.10591406195465829
  ],
  "0.30000000000000004": [
    0.012985084805021583,
    0.0017499615281139967
  ],
  "0.9": [
    2.138791879854045,
    0.5901453825279025
  ],
  "0.7000000000000001": [
    0.3596726172037045,
    0.04523131808459805
  ],
  "0.4": [
    0.03777323417877882,
    0.004771294762675178
  ],
  "0.5": [
    0.08621552123111309,
    0.009400157015239614
  ]
}