{
  "0.9": [
    1.9524902901227101,
    0.3852491812805239
  ],
  "0.91": [
    2.434911746323715,
    0.6270792515960675
  ],
  "0.9800000000000001": [
    12.818783463945376,
    10.635075987197117
  ],
  "0.92": [
    2.454317952749461,
    0.5232853190269958
  ],
  "0.9600000000000001": [
    5.42250319515127,
    2.1039712984575347
  ],
  "0.93": [
    3.009702503399662,
    0.9133612561341685
  ],
  "0.9700000000000001": [
    7.392897329266739,
    3.3384098265532973
  ],
  "0.9900000000000001": [
    15.301395882719177,
    10.212737266079221
  ],
  "0.9500000000000001": [
    4.389101398049112,
    1.171221742606734
  ],
  "0.9400000000000001": [
    3.6004727565154737,
    1.5613083594722001
  ]
}